
insert into author (id, name, photo, slug, description) values (1, 'Umberto Giacobbo', 'http://dummyimage.com/188x182.png/cc0000/ffffff', 'slug', 'metus aenean fermentum donec ut mauris eget massa tempor convallis nulla neque libero convallis eget eleifend luctus ultricies');
insert into author (id, name, photo, slug, description) values (2, 'Nady Culpin', 'http://dummyimage.com/152x195.png/cc0000/ffffff', 'slug', 'congue diam id ornare imperdiet sapien urna pretium nisl ut volutpat sapien arcu sed augue aliquam erat volutpat in');
insert into author (id, name, photo, slug, description) values (3, 'Marcel Plett', 'http://dummyimage.com/182x154.png/dddddd/000000', 'slug', 'in ante vestibulum ante ipsum primis in faucibus orci luctus et ultrices posuere');
insert into author (id, name, photo, slug, description) values (4, 'Lavinia Scamerdine', 'http://dummyimage.com/159x170.png/5fa2dd/ffffff', 'slug', 'lacinia eget tincidunt eget tempus vel pede morbi porttitor lorem id ligula suspendisse ornare consequat lectus in est risus auctor');
insert into author (id, name, photo, slug, description) values (5, 'Viviana Spilisy', 'http://dummyimage.com/168x169.png/ff4444/ffffff', 'slug', 'imperdiet sapien urna pretium nisl ut volutpat sapien arcu sed augue aliquam erat volutpat in congue etiam justo');
insert into author (id, name, photo, slug, description) values (6, 'Lanette Ossulton', 'http://dummyimage.com/188x194.png/cc0000/ffffff', 'slug', 'dapibus duis at velit eu est congue elementum in hac habitasse platea dictumst morbi vestibulum');
insert into author (id, name, photo, slug, description) values (7, 'Kelvin Bardwall', 'http://dummyimage.com/191x193.png/cc0000/ffffff', 'slug', 'erat nulla tempus vivamus in felis eu sapien cursus vestibulum proin eu mi nulla ac enim in tempor turpis nec');
insert into author (id, name, photo, slug, description) values (8, 'Aldridge Lomasney', 'http://dummyimage.com/156x158.png/5fa2dd/ffffff', 'slug', 'et magnis dis parturient montes nascetur ridiculus mus etiam vel augue vestibulum rutrum rutrum neque aenean auctor');
insert into author (id, name, photo, slug, description) values (9, 'Garrot McCorkindale', 'http://dummyimage.com/178x199.png/cc0000/ffffff', 'slug', 'consequat dui nec nisi volutpat eleifend donec ut dolor morbi vel lectus in quam fringilla rhoncus mauris enim');
insert into author (id, name, photo, slug, description) values (10, 'Emmy Dicey', 'http://dummyimage.com/172x213.png/ff4444/ffffff', 'slug', 'hendrerit at vulputate vitae nisl aenean lectus pellentesque eget nunc donec quis orci eget orci');
insert into author (id, name, photo, slug, description) values (11, 'Leilah Riggott', 'http://dummyimage.com/193x218.png/5fa2dd/ffffff', 'slug', 'ipsum ac tellus semper interdum mauris ullamcorper purus sit amet nulla quisque arcu libero rutrum');
insert into author (id, name, photo, slug, description) values (12, 'Norton Kahen', 'http://dummyimage.com/188x186.png/dddddd/000000', 'slug', 'amet cursus id turpis integer aliquet massa id lobortis convallis tortor');
insert into author (id, name, photo, slug, description) values (13, 'Hermine Prescot', 'http://dummyimage.com/187x161.png/5fa2dd/ffffff', 'slug', 'vestibulum sagittis sapien cum sociis natoque penatibus et magnis dis parturient montes nascetur ridiculus mus etiam vel augue vestibulum rutrum');
insert into author (id, name, photo, slug, description) values (14, 'Welch Saltern', 'http://dummyimage.com/189x182.png/cc0000/ffffff', 'slug', 'eget nunc donec quis orci eget orci vehicula condimentum curabitur in libero ut massa volutpat convallis morbi');
insert into author (id, name, photo, slug, description) values (15, 'Raynor Densell', 'http://dummyimage.com/167x198.png/dddddd/000000', 'slug', 'nulla pede ullamcorper augue a suscipit nulla elit ac nulla sed vel enim sit amet');
insert into author (id, name, photo, slug, description) values (16, 'Sandor Swayne', 'http://dummyimage.com/199x169.png/dddddd/000000', 'slug', 'est quam pharetra magna ac consequat metus sapien ut nunc vestibulum');
insert into author (id, name, photo, slug, description) values (17, 'Ivette Gonzalvo', 'http://dummyimage.com/200x208.png/ff4444/ffffff', 'slug', 'nibh in lectus pellentesque at nulla suspendisse potenti cras in purus eu magna vulputate luctus cum');
insert into author (id, name, photo, slug, description) values (18, 'Onida Glover', 'http://dummyimage.com/181x188.png/cc0000/ffffff', 'slug', 'eu sapien cursus vestibulum proin eu mi nulla ac enim in tempor turpis nec euismod');
insert into author (id, name, photo, slug, description) values (19, 'Mariann McCaig', 'http://dummyimage.com/187x161.png/ff4444/ffffff', 'slug', 'non lectus aliquam sit amet diam in magna bibendum imperdiet nullam orci');
insert into author (id, name, photo, slug, description) values (20, 'Mervin Nangle', 'http://dummyimage.com/173x183.png/5fa2dd/ffffff', 'slug', 'non pretium quis lectus suspendisse potenti in eleifend quam a odio in hac habitasse platea dictumst maecenas');
insert into author (id, name, photo, slug, description) values (21, 'Mayer Hawker', 'http://dummyimage.com/187x152.png/5fa2dd/ffffff', 'slug', 'interdum venenatis turpis enim blandit mi in porttitor pede justo eu massa donec dapibus duis at velit eu est');
insert into author (id, name, photo, slug, description) values (22, 'Galina Purvess', 'http://dummyimage.com/188x182.png/cc0000/ffffff', 'slug', 'metus aenean fermentum donec ut mauris eget massa tempor convallis nulla neque libero convallis eget eleifend luctus ultricies');
insert into author (id, name, photo, slug, description) values (23, 'Cull Quartermaine', 'http://dummyimage.com/152x195.png/cc0000/ffffff', 'slug', 'congue diam id ornare imperdiet sapien urna pretium nisl ut volutpat sapien arcu sed augue aliquam erat volutpat in');
insert into author (id, name, photo, slug, description) values (24, 'Stephie Balls', 'http://dummyimage.com/182x154.png/dddddd/000000', 'slug', 'in ante vestibulum ante ipsum primis in faucibus orci luctus et ultrices posuere');
insert into author (id, name, photo, slug, description) values (25, 'Em Mottershead', 'http://dummyimage.com/159x170.png/5fa2dd/ffffff', 'slug', 'lacinia eget tincidunt eget tempus vel pede morbi porttitor lorem id ligula suspendisse ornare consequat lectus in est risus auctor');
insert into author (id, name, photo, slug, description) values (26, 'Nerita Leddie', 'http://dummyimage.com/168x169.png/ff4444/ffffff', 'slug', 'imperdiet sapien urna pretium nisl ut volutpat sapien arcu sed augue aliquam erat volutpat in congue etiam justo');
insert into author (id, name, photo, slug, description) values (27, 'Kile Spearing', 'http://dummyimage.com/188x194.png/cc0000/ffffff', 'slug', 'dapibus duis at velit eu est congue elementum in hac habitasse platea dictumst morbi vestibulum');
insert into author (id, name, photo, slug, description) values (28, 'Beverlie Lugton', 'http://dummyimage.com/191x193.png/cc0000/ffffff', 'slug', 'erat nulla tempus vivamus in felis eu sapien cursus vestibulum proin eu mi nulla ac enim in tempor turpis nec');
insert into author (id, name, photo, slug, description) values (29, 'Farah Conklin', 'http://dummyimage.com/156x158.png/5fa2dd/ffffff', 'slug', 'et magnis dis parturient montes nascetur ridiculus mus etiam vel augue vestibulum rutrum rutrum neque aenean auctor');
insert into author (id, name, photo, slug, description) values (30, 'Enrique Garza', 'http://dummyimage.com/178x199.png/cc0000/ffffff', 'slug', 'consequat dui nec nisi volutpat eleifend donec ut dolor morbi vel lectus in quam fringilla rhoncus mauris enim');


insert into book (id, pub_date, is_bestseller, slug, title, image, description, price, discount) values (1, '29-03-2010', 1, 'slug', 'Ghost World', 'http://dummyimage.com/175x174.png/5fa2dd/ffffff', 'gravida nisi at nibh in hac habitasse platea dictumst aliquam augue quam sollicitudin', 1243, 53);
insert into book (id, pub_date, is_bestseller, slug, title, image, description, price, discount) values (2, '21-05-2015', 1, 'slug', 'America 3000', 'http://dummyimage.com/195x205.png/dddddd/000000', 'condimentum id luctus nec molestie sed justo pellentesque viverra pede ac diam', 245, 42);
insert into book (id, pub_date, is_bestseller, slug, title, image, description, price, discount) values (3, '07-01-2011', 0, 'slug', 'Me, Myself & Irene', 'http://dummyimage.com/160x189.png/cc0000/ffffff', 'orci luctus et ultrices posuere cubilia curae nulla dapibus dolor vel est', 159, 25);
insert into book (id, pub_date, is_bestseller, slug, title, image, description, price, discount) values (4, '01-12-2007', 1, 'slug', 'Boogeyman', 'http://dummyimage.com/159x220.png/dddddd/000000', 'rutrum nulla tellus in sagittis dui vel nisl duis ac nibh fusce lacus purus aliquet at feugiat', 1346, 62);
insert into book (id, pub_date, is_bestseller, slug, title, image, description, price, discount) values (5, '12-11-2010', 0, 'slug', 'Collision Course', 'http://dummyimage.com/189x199.png/ff4444/ffffff', 'nisi venenatis tristique fusce congue diam id ornare imperdiet sapien urna pretium nisl ut volutpat', 742, 80);
insert into book (id, pub_date, is_bestseller, slug, title, image, description, price, discount) values (6, '21-06-2008', 0, 'slug', 'Billy the Kid vs. Dracula', 'http://dummyimage.com/177x178.png/ff4444/ffffff', 'suspendisse ornare consequat lectus in est risus auctor sed tristique in tempus sit amet', 514, 62);
insert into book (id, pub_date, is_bestseller, slug, title, image, description, price, discount) values (7, '20-05-2018', 1, 'slug', 'Jimmy and Judy', 'http://dummyimage.com/156x170.png/ff4444/ffffff', 'elit sodales scelerisque mauris sit amet eros suspendisse accumsan tortor quis turpis sed ante vivamus tortor', 709, 90);
insert into book (id, pub_date, is_bestseller, slug, title, image, description, price, discount) values (8, '22-02-2022', 1, 'slug', 'D.O.A.', 'http://dummyimage.com/171x186.png/5fa2dd/ffffff', 'non velit donec diam neque vestibulum eget vulputate ut ultrices vel augue vestibulum', 797, 48);
insert into book (id, pub_date, is_bestseller, slug, title, image, description, price, discount) values (9, '11-07-2006', 0, 'slug', 'Paranoia Agent', 'http://dummyimage.com/168x176.png/ff4444/ffffff', 'in faucibus orci luctus et ultrices posuere cubilia curae duis faucibus accumsan odio curabitur convallis duis consequat dui nec nisi', 657, 99);
insert into book (id, pub_date, is_bestseller, slug, title, image, description, price, discount) values (10, '22-11-2001', 0, 'slug', 'Wendy and Lucy', 'http://dummyimage.com/155x163.png/5fa2dd/ffffff', 'varius integer ac leo pellentesque ultrices mattis odio donec vitae nisi nam ultrices libero non mattis', 377, 23);
insert into book (id, pub_date, is_bestseller, slug, title, image, description, price, discount) values (11, '14-01-2003', 1, 'slug', 'Big Sur', 'http://dummyimage.com/192x188.png/dddddd/000000', 'diam in magna bibendum imperdiet nullam orci pede venenatis non sodales sed tincidunt eu felis fusce posuere felis', 594, 44);
insert into book (id, pub_date, is_bestseller, slug, title, image, description, price, discount) values (12, '08-01-2001', 1, 'slug', 'Last Chance Harvey', 'http://dummyimage.com/161x204.png/5fa2dd/ffffff', 'mauris enim leo rhoncus sed vestibulum sit amet cursus id turpis integer aliquet massa id', 508, 6);
insert into book (id, pub_date, is_bestseller, slug, title, image, description, price, discount) values (13, '14-02-2020', 0, 'slug', 'Glory', 'http://dummyimage.com/175x161.png/cc0000/ffffff', 'praesent blandit lacinia erat vestibulum sed magna at nunc commodo placerat praesent blandit nam nulla integer pede justo', 158, 36);
insert into book (id, pub_date, is_bestseller, slug, title, image, description, price, discount) values (14, '10-10-2002', 1, 'slug', 'Small Town of Anara (Qalaqi Anara)', 'http://dummyimage.com/153x160.png/dddddd/000000', 'nullam sit amet turpis elementum ligula vehicula consequat morbi a', 976, 54);
insert into book (id, pub_date, is_bestseller, slug, title, image, description, price, discount) values (15, '27-07-2023', 1, 'slug', 'It''s Love I''m After', 'http://dummyimage.com/196x220.png/dddddd/000000', 'amet sapien dignissim vestibulum vestibulum ante ipsum primis in faucibus orci luctus et ultrices posuere cubilia curae nulla dapibus dolor', 1223, 14);
insert into book (id, pub_date, is_bestseller, slug, title, image, description, price, discount) values (16, '09-12-2022', 0, 'slug', 'Querelle', 'http://dummyimage.com/169x181.png/dddddd/000000', 'a ipsum integer a nibh in quis justo maecenas rhoncus aliquam lacus morbi quis tortor', 541, 16);
insert into book (id, pub_date, is_bestseller, slug, title, image, description, price, discount) values (17, '20-02-2019', 0, 'slug', 'Tough Guise: Violence, Media & the Crisis in Masculinity', 'http://dummyimage.com/161x156.png/dddddd/000000', 'viverra pede ac diam cras pellentesque volutpat dui maecenas tristique est et tempus semper est quam pharetra magna ac', 154, 5);
insert into book (id, pub_date, is_bestseller, slug, title, image, description, price, discount) values (18, '26-03-2011', 0, 'slug', 'Que Viva Mexico (¡Que Viva Mexico! - Da zdravstvuyet Meksika!)', 'http://dummyimage.com/188x166.png/cc0000/ffffff', 'quam suspendisse potenti nullam porttitor lacus at turpis donec posuere metus vitae ipsum aliquam non mauris morbi non', 1078, 55);
insert into book (id, pub_date, is_bestseller, slug, title, image, description, price, discount) values (19, '15-11-2015', 0, 'slug', 'Three Lives and Only One Death (Trois vies & une seule mort)', 'http://dummyimage.com/162x211.png/dddddd/000000', 'in porttitor pede justo eu massa donec dapibus duis at velit', 531, 37);
insert into book (id, pub_date, is_bestseller, slug, title, image, description, price, discount) values (20, '20-11-2018', 1, 'slug', 'Five Obstructions, The (Fem benspænd, De)', 'http://dummyimage.com/184x196.png/5fa2dd/ffffff', 'rhoncus sed vestibulum sit amet cursus id turpis integer aliquet massa id lobortis convallis tortor risus dapibus', 1366, 20);
insert into book (id, pub_date, is_bestseller, slug, title, image, description, price, discount) values (21, '11-02-2016', 1, 'slug', '24 City (Er shi si cheng ji)', 'http://dummyimage.com/178x210.png/ff4444/ffffff', 'sem mauris laoreet ut rhoncus aliquet pulvinar sed nisl nunc rhoncus dui vel sem', 228, 47);
insert into book (id, pub_date, is_bestseller, slug, title, image, description, price, discount) values (22, '02-01-2000', 0, 'slug', 'Going Postal', 'http://dummyimage.com/199x177.png/dddddd/000000', 'posuere nonummy integer non velit donec diam neque vestibulum eget vulputate ut ultrices vel', 1288, 5);
insert into book (id, pub_date, is_bestseller, slug, title, image, description, price, discount) values (23, '22-08-2013', 0, 'slug', 'To Be or Not to Be', 'http://dummyimage.com/191x154.png/cc0000/ffffff', 'lectus in quam fringilla rhoncus mauris enim leo rhoncus sed vestibulum sit amet cursus id turpis integer aliquet', 1228, 88);
insert into book (id, pub_date, is_bestseller, slug, title, image, description, price, discount) values (24, '10-09-2007', 0, 'slug', 'Pied Piper, The (Pied Piper of Hamelin, The)', 'http://dummyimage.com/172x216.png/ff4444/ffffff', 'auctor sed tristique in tempus sit amet sem fusce consequat nulla nisl nunc nisl duis bibendum', 1123, 52);
insert into book (id, pub_date, is_bestseller, slug, title, image, description, price, discount) values (25, '27-12-2015', 1, 'slug', 'Slums of Beverly Hills, The', 'http://dummyimage.com/164x151.png/5fa2dd/ffffff', 'mi sit amet lobortis sapien sapien non mi integer ac neque', 464, 88);
insert into book (id, pub_date, is_bestseller, slug, title, image, description, price, discount) values (26, '20-12-2012', 0, 'slug', 'Napoléon', 'http://dummyimage.com/198x169.png/ff4444/ffffff', 'pede posuere nonummy integer non velit donec diam neque vestibulum eget vulputate ut ultrices', 270, 52);
insert into book (id, pub_date, is_bestseller, slug, title, image, description, price, discount) values (27, '16-10-2018', 0, 'slug', 'Babette''s Feast (Babettes gæstebud)', 'http://dummyimage.com/175x163.png/cc0000/ffffff', 'auctor sed tristique in tempus sit amet sem fusce consequat nulla nisl nunc nisl duis bibendum felis sed interdum venenatis', 589, 13);
insert into book (id, pub_date, is_bestseller, slug, title, image, description, price, discount) values (28, '20-04-2009', 0, 'slug', 'Wanted: Dead or Alive', 'http://dummyimage.com/161x185.png/dddddd/000000', 'vehicula condimentum curabitur in libero ut massa volutpat convallis morbi odio odio elementum eu interdum eu tincidunt in leo', 963, 8);
insert into book (id, pub_date, is_bestseller, slug, title, image, description, price, discount) values (29, '17-03-2011', 1, 'slug', '8 (8, the Play)', 'http://dummyimage.com/185x163.png/dddddd/000000', 'massa quis augue luctus tincidunt nulla mollis molestie lorem quisque', 1133, 45);
insert into book (id, pub_date, is_bestseller, slug, title, image, description, price, discount) values (30, '05-01-2006', 1, 'slug', 'Cord (Hide and Seek)', 'http://dummyimage.com/199x197.png/cc0000/ffffff', 'sapien urna pretium nisl ut volutpat sapien arcu sed augue aliquam erat volutpat in', 676, 60);
insert into book (id, pub_date, is_bestseller, slug, title, image, description, price, discount) values (31, '15-05-2016', 1, 'slug', 'How to Rob a Bank', 'http://dummyimage.com/181x164.png/dddddd/000000', 'a ipsum integer a nibh in quis justo maecenas rhoncus aliquam lacus morbi quis tortor id nulla ultrices aliquet', 752, 96);
insert into book (id, pub_date, is_bestseller, slug, title, image, description, price, discount) values (32, '08-01-2009', 0, 'slug', 'Shaolin Soccer (Siu lam juk kau)', 'http://dummyimage.com/172x166.png/cc0000/ffffff', 'imperdiet et commodo vulputate justo in blandit ultrices enim lorem ipsum dolor sit amet consectetuer adipiscing elit proin', 1456, 47);
insert into book (id, pub_date, is_bestseller, slug, title, image, description, price, discount) values (33, '11-08-2011', 1, 'slug', 'Layer Cake', 'http://dummyimage.com/190x204.png/5fa2dd/ffffff', 'sapien varius ut blandit non interdum in ante vestibulum ante ipsum primis in faucibus orci luctus', 1137, 95);
insert into book (id, pub_date, is_bestseller, slug, title, image, description, price, discount) values (34, '03-10-2022', 0, 'slug', 'Final Analysis', 'http://dummyimage.com/182x203.png/cc0000/ffffff', 'ullamcorper augue a suscipit nulla elit ac nulla sed vel enim sit amet', 385, 88);
insert into book (id, pub_date, is_bestseller, slug, title, image, description, price, discount) values (35, '17-11-2017', 1, 'slug', 'Adventures of Hajji Baba, The', 'http://dummyimage.com/199x159.png/cc0000/ffffff', 'nulla facilisi cras non velit nec nisi vulputate nonummy maecenas tincidunt lacus at', 1004, 24);
insert into book (id, pub_date, is_bestseller, slug, title, image, description, price, discount) values (36, '21-09-2012', 1, 'slug', 'Rally ''Round the Flag, Boys!', 'http://dummyimage.com/156x192.png/ff4444/ffffff', 'eget eleifend luctus ultricies eu nibh quisque id justo sit amet sapien dignissim vestibulum vestibulum ante', 748, 95);
insert into book (id, pub_date, is_bestseller, slug, title, image, description, price, discount) values (37, '24-06-2020', 1, 'slug', 'Dragonheart 2: A New Beginning', 'http://dummyimage.com/163x212.png/cc0000/ffffff', 'dictumst etiam faucibus cursus urna ut tellus nulla ut erat id', 375, 29);
insert into book (id, pub_date, is_bestseller, slug, title, image, description, price, discount) values (38, '18-10-2021', 1, 'slug', 'Bathory', 'http://dummyimage.com/198x159.png/5fa2dd/ffffff', 'eget nunc donec quis orci eget orci vehicula condimentum curabitur in libero ut massa volutpat convallis', 334, 91);
insert into book (id, pub_date, is_bestseller, slug, title, image, description, price, discount) values (39, '28-11-2015', 1, 'slug', 'Micki + Maude', 'http://dummyimage.com/167x217.png/5fa2dd/ffffff', 'eget rutrum at lorem integer tincidunt ante vel ipsum praesent blandit lacinia erat vestibulum sed magna at nunc commodo placerat', 1003, 25);
insert into book (id, pub_date, is_bestseller, slug, title, image, description, price, discount) values (40, '27-02-2019', 0, 'slug', 'Second Skin (Segunda Piel)', 'http://dummyimage.com/150x150.png/cc0000/ffffff', 'sagittis sapien cum sociis natoque penatibus et magnis dis parturient montes', 554, 61);
insert into book (id, pub_date, is_bestseller, slug, title, image, description, price, discount) values (41, '17-03-2008', 0, 'slug', 'Quatermass Xperiment, The', 'http://dummyimage.com/181x207.png/ff4444/ffffff', 'tristique fusce congue diam id ornare imperdiet sapien urna pretium', 951, 75);
insert into book (id, pub_date, is_bestseller, slug, title, image, description, price, discount) values (42, '16-04-2015', 0, 'slug', 'Ice Storm, The', 'http://dummyimage.com/161x180.png/5fa2dd/ffffff', 'pede lobortis ligula sit amet eleifend pede libero quis orci nullam molestie nibh in lectus pellentesque at', 952, 76);
insert into book (id, pub_date, is_bestseller, slug, title, image, description, price, discount) values (43, '10-02-2001', 1, 'slug', 'Blackwoods', 'http://dummyimage.com/186x187.png/cc0000/ffffff', 'nisl aenean lectus pellentesque eget nunc donec quis orci eget orci vehicula condimentum curabitur in', 528, 35);
insert into book (id, pub_date, is_bestseller, slug, title, image, description, price, discount) values (44, '06-02-2000', 0, 'slug', 'Man of the House', 'http://dummyimage.com/150x179.png/5fa2dd/ffffff', 'eu sapien cursus vestibulum proin eu mi nulla ac enim in tempor turpis nec euismod scelerisque quam turpis adipiscing', 977, 50);
insert into book (id, pub_date, is_bestseller, slug, title, image, description, price, discount) values (45, '09-08-2023', 0, 'slug', 'Undercurrent', 'http://dummyimage.com/150x169.png/dddddd/000000', 'consequat varius integer ac leo pellentesque ultrices mattis odio donec vitae nisi nam ultrices libero non mattis pulvinar nulla', 1383, 97);
insert into book (id, pub_date, is_bestseller, slug, title, image, description, price, discount) values (46, '25-08-2007', 0, 'slug', 'Falling Down', 'http://dummyimage.com/180x196.png/ff4444/ffffff', 'cum sociis natoque penatibus et magnis dis parturient montes nascetur ridiculus mus etiam vel augue vestibulum rutrum rutrum neque', 1434, 72);
insert into book (id, pub_date, is_bestseller, slug, title, image, description, price, discount) values (47, '24-08-2007', 0, 'slug', 'Jinxed!', 'http://dummyimage.com/176x157.png/5fa2dd/ffffff', 'dis parturient montes nascetur ridiculus mus etiam vel augue vestibulum', 1136, 54);
insert into book (id, pub_date, is_bestseller, slug, title, image, description, price, discount) values (48, '27-10-2014', 1, 'slug', 'Chance Pe Dance', 'http://dummyimage.com/162x162.png/ff4444/ffffff', 'ultrices posuere cubilia curae nulla dapibus dolor vel est donec odio', 1360, 69);
insert into book (id, pub_date, is_bestseller, slug, title, image, description, price, discount) values (49, '13-06-2013', 1, 'slug', 'Song of Bernadette, The', 'http://dummyimage.com/184x195.png/dddddd/000000', 'bibendum imperdiet nullam orci pede venenatis non sodales sed tincidunt eu', 1268, 26);
insert into book (id, pub_date, is_bestseller, slug, title, image, description, price, discount) values (50, '09-07-2009', 0, 'slug', 'Silent House, The (La casa muda)', 'http://dummyimage.com/150x160.png/ff4444/ffffff', 'vitae mattis nibh ligula nec sem duis aliquam convallis nunc', 697, 79);
insert into book (id, pub_date, is_bestseller, slug, title, image, description, price, discount) values (51, '29-09-2019', 1, 'slug', 'Burn Paris Burn', 'http://dummyimage.com/176x172.png/dddddd/000000', 'fusce posuere felis sed lacus morbi sem mauris laoreet ut rhoncus aliquet pulvinar sed nisl nunc', 1416, 16);
insert into book (id, pub_date, is_bestseller, slug, title, image, description, price, discount) values (52, '11-11-2009', 0, 'slug', 'Novena, The (La neuvaine)', 'http://dummyimage.com/159x215.png/dddddd/000000', 'non interdum in ante vestibulum ante ipsum primis in faucibus orci luctus et ultrices posuere cubilia curae', 1449, 80);
insert into book (id, pub_date, is_bestseller, slug, title, image, description, price, discount) values (53, '22-06-2008', 0, 'slug', 'Kangaroo Jack', 'http://dummyimage.com/188x185.png/dddddd/000000', 'sapien varius ut blandit non interdum in ante vestibulum ante ipsum primis in faucibus', 189, 65);
insert into book (id, pub_date, is_bestseller, slug, title, image, description, price, discount) values (54, '11-04-2001', 0, 'slug', 'Dragonheart 2: A New Beginning', 'http://dummyimage.com/192x179.png/5fa2dd/ffffff', 'fermentum justo nec condimentum neque sapien placerat ante nulla justo aliquam quis turpis eget elit', 1073, 64);
insert into book (id, pub_date, is_bestseller, slug, title, image, description, price, discount) values (55, '19-12-2023', 0, 'slug', 'KM 31: Kilometro 31', 'http://dummyimage.com/169x156.png/dddddd/000000', 'mattis egestas metus aenean fermentum donec ut mauris eget massa tempor convallis nulla neque libero convallis eget eleifend luctus ultricies', 750, 82);
insert into book (id, pub_date, is_bestseller, slug, title, image, description, price, discount) values (56, '21-07-2007', 1, 'slug', 'Sparrow (a.k.a. Cultured Bird) (Man jeuk)', 'http://dummyimage.com/175x185.png/5fa2dd/ffffff', 'augue vestibulum rutrum rutrum neque aenean auctor gravida sem praesent id massa id nisl venenatis', 547, 40);
insert into book (id, pub_date, is_bestseller, slug, title, image, description, price, discount) values (57, '28-06-2005', 0, 'slug', 'You''re Not You', 'http://dummyimage.com/168x174.png/dddddd/000000', 'neque libero convallis eget eleifend luctus ultricies eu nibh quisque id justo sit amet sapien dignissim vestibulum vestibulum', 1169, 57);
insert into book (id, pub_date, is_bestseller, slug, title, image, description, price, discount) values (58, '12-04-2013', 0, 'slug', 'Why Worry?', 'http://dummyimage.com/186x150.png/5fa2dd/ffffff', 'ipsum aliquam non mauris morbi non lectus aliquam sit amet diam in', 901, 63);
insert into book (id, pub_date, is_bestseller, slug, title, image, description, price, discount) values (59, '13-09-2015', 0, 'slug', '13 Sins', 'http://dummyimage.com/159x169.png/5fa2dd/ffffff', 'in felis donec semper sapien a libero nam dui proin leo odio', 1064, 79);
insert into book (id, pub_date, is_bestseller, slug, title, image, description, price, discount) values (60, '23-11-2010', 1, 'slug', 'John Q', 'http://dummyimage.com/181x201.png/ff4444/ffffff', 'phasellus in felis donec semper sapien a libero nam dui proin leo', 1143, 45);
insert into book (id, pub_date, is_bestseller, slug, title, image, description, price, discount) values (61, '27-04-2004', 0, 'slug', 'Craig''s Wife', 'http://dummyimage.com/159x214.png/cc0000/ffffff', 'elementum ligula vehicula consequat morbi a ipsum integer a nibh', 1032, 32);
insert into book (id, pub_date, is_bestseller, slug, title, image, description, price, discount) values (62, '24-08-2014', 0, 'slug', 'Beautiful Girl', 'http://dummyimage.com/151x180.png/ff4444/ffffff', 'nulla suspendisse potenti cras in purus eu magna vulputate luctus', 298, 49);
insert into book (id, pub_date, is_bestseller, slug, title, image, description, price, discount) values (63, '01-07-2006', 0, 'slug', 'Killjoy 3', 'http://dummyimage.com/166x204.png/cc0000/ffffff', 'quam suspendisse potenti nullam porttitor lacus at turpis donec posuere metus vitae ipsum', 989, 59);
insert into book (id, pub_date, is_bestseller, slug, title, image, description, price, discount) values (64, '02-02-2004', 1, 'slug', 'Surrender, Dorothy', 'http://dummyimage.com/167x207.png/5fa2dd/ffffff', 'amet consectetuer adipiscing elit proin risus praesent lectus vestibulum quam sapien varius ut blandit non', 961, 69);
insert into book (id, pub_date, is_bestseller, slug, title, image, description, price, discount) values (65, '27-03-2017', 0, 'slug', 'Whores'' Glory', 'http://dummyimage.com/194x166.png/5fa2dd/ffffff', 'lectus in est risus auctor sed tristique in tempus sit amet sem fusce', 1265, 33);



insert into book2author (author_id, book_id) values (5, 1);
insert into book2author (author_id, book_id) values (8, 2);
insert into book2author (author_id, book_id) values (2, 3);
insert into book2author (author_id, book_id) values (4, 4);
insert into book2author (author_id, book_id) values (15, 5);
insert into book2author (author_id, book_id) values (18, 6);
insert into book2author (author_id, book_id) values (19, 7);
insert into book2author (author_id, book_id) values (3, 8);
insert into book2author (author_id, book_id) values (18, 9);
insert into book2author (author_id, book_id) values (1, 10);
insert into book2author (author_id, book_id) values (19, 11);
insert into book2author (author_id, book_id) values (6, 12);
insert into book2author (author_id, book_id) values (8, 13);
insert into book2author (author_id, book_id) values (2, 14);
insert into book2author (author_id, book_id) values (3, 15);
insert into book2author (author_id, book_id) values (16, 16);
insert into book2author (author_id, book_id) values (2, 17);
insert into book2author (author_id, book_id) values (18, 18);
insert into book2author (author_id, book_id) values (4, 19);
insert into book2author (author_id, book_id) values (9, 20);
insert into book2author (author_id, book_id) values (21, 21);
insert into book2author (author_id, book_id) values (16, 22);
insert into book2author (author_id, book_id) values (17, 23);
insert into book2author (author_id, book_id) values (19, 24);
insert into book2author (author_id, book_id) values (13, 25);
insert into book2author (author_id, book_id) values (8, 26);
insert into book2author (author_id, book_id) values (21, 27);
insert into book2author (author_id, book_id) values (15, 28);
insert into book2author (author_id, book_id) values (6, 29);
insert into book2author (author_id, book_id) values (16, 30);
insert into book2author (author_id, book_id) values (18, 31);
insert into book2author (author_id, book_id) values (18, 32);
insert into book2author (author_id, book_id) values (19, 33);
insert into book2author (author_id, book_id) values (14, 34);
insert into book2author (author_id, book_id) values (16, 35);
insert into book2author (author_id, book_id) values (18, 36);
insert into book2author (author_id, book_id) values (14, 37);
insert into book2author (author_id, book_id) values (1, 38);
insert into book2author (author_id, book_id) values (20, 39);
insert into book2author (author_id, book_id) values (9, 40);
insert into book2author (author_id, book_id) values (1, 41);
insert into book2author (author_id, book_id) values (5, 42);
insert into book2author (author_id, book_id) values (19, 43);
insert into book2author (author_id, book_id) values (10, 44);
insert into book2author (author_id, book_id) values (1, 45);
insert into book2author (author_id, book_id) values (8, 46);
insert into book2author (author_id, book_id) values (14, 47);
insert into book2author (author_id, book_id) values (16, 48);
insert into book2author (author_id, book_id) values (18, 49);
insert into book2author (author_id, book_id) values (11, 50);
insert into book2author (author_id, book_id) values (2, 51);
insert into book2author (author_id, book_id) values (8, 52);
insert into book2author (author_id, book_id) values (2, 53);
insert into book2author (author_id, book_id) values (11, 54);
insert into book2author (author_id, book_id) values (18, 55);
insert into book2author (author_id, book_id) values (8, 56);
insert into book2author (author_id, book_id) values (2, 57);
insert into book2author (author_id, book_id) values (19, 58);
insert into book2author (author_id, book_id) values (13, 59);
insert into book2author (author_id, book_id) values (5, 60);
insert into book2author (author_id, book_id) values (21, 61);
insert into book2author (author_id, book_id) values (19, 62);
insert into book2author (author_id, book_id) values (11, 63);
insert into book2author (author_id, book_id) values (13, 64);
insert into book2author (author_id, book_id) values (3, 65);


insert into book_review (book_id, user_id, time, text) values (1, 20, '08-12-2022', 'in imperdiet et commodo vulputate justo in blandit ultrices enim lorem ipsum dolor sit amet consectetuer');
insert into book_review (book_id, user_id, time, text) values (2, 3, '08-12-2012', 'sit amet nulla quisque arcu libero rutrum ac lobortis vel dapibus at diam nam');
insert into book_review (book_id, user_id, time, text) values (3, 16, '26-05-2004', 'pellentesque at nulla suspendisse potenti cras in purus eu magna vulputate');
insert into book_review (book_id, user_id, time, text) values (4, 15, '05-02-2015', 'vulputate luctus cum sociis natoque penatibus et magnis dis parturient montes nascetur ridiculus mus vivamus');
insert into book_review (book_id, user_id, time, text) values (5, 2, '12-01-2012', 'nullam porttitor lacus at turpis donec posuere metus vitae ipsum aliquam non mauris morbi non lectus aliquam sit amet');
insert into book_review (book_id, user_id, time, text) values (6, 5, '24-01-2021', 'ullamcorper augue a suscipit nulla elit ac nulla sed vel enim sit amet nunc viverra dapibus');
insert into book_review (book_id, user_id, time, text) values (7, 28, '05-09-2010', 'nunc donec quis orci eget orci vehicula condimentum curabitur in libero ut massa volutpat convallis morbi odio');
insert into book_review (book_id, user_id, time, text) values (8, 13, '30-06-2000', 'eget nunc donec quis orci eget orci vehicula condimentum curabitur in libero ut massa volutpat convallis morbi odio odio');
insert into book_review (book_id, user_id, time, text) values (9, 16, '12-03-2023', 'non mattis pulvinar nulla pede ullamcorper augue a suscipit nulla elit ac nulla sed vel enim');
insert into book_review (book_id, user_id, time, text) values (10, 20, '27-07-2011', 'ante vivamus tortor duis mattis egestas metus aenean fermentum donec');
insert into book_review (book_id, user_id, time, text) values (11, 2, '11-01-2022', 'quisque porta volutpat erat quisque erat eros viverra eget congue eget semper rutrum');
insert into book_review (book_id, user_id, time, text) values (12, 5, '13-02-2016', 'risus auctor sed tristique in tempus sit amet sem fusce');
insert into book_review (book_id, user_id, time, text) values (13, 9, '06-12-2023', 'natoque penatibus et magnis dis parturient montes nascetur ridiculus mus etiam vel augue vestibulum rutrum rutrum');
insert into book_review (book_id, user_id, time, text) values (14, 26, '06-02-2019', 'pede morbi porttitor lorem id ligula suspendisse ornare consequat lectus in est risus auctor sed tristique');
insert into book_review (book_id, user_id, time, text) values (15, 26, '27-01-2021', 'etiam vel augue vestibulum rutrum rutrum neque aenean auctor gravida sem praesent id massa id nisl venenatis lacinia aenean');
insert into book_review (book_id, user_id, time, text) values (16, 2, '30-07-2013', 'nibh fusce lacus purus aliquet at feugiat non pretium quis lectus');
insert into book_review (book_id, user_id, time, text) values (17, 10, '05-04-2000', 'odio donec vitae nisi nam ultrices libero non mattis pulvinar nulla pede ullamcorper augue a suscipit nulla elit ac');
insert into book_review (book_id, user_id, time, text) values (18, 14, '19-06-2021', 'luctus ultricies eu nibh quisque id justo sit amet sapien dignissim vestibulum vestibulum ante ipsum primis in faucibus orci');
insert into book_review (book_id, user_id, time, text) values (19, 21, '01-02-2009', 'mi nulla ac enim in tempor turpis nec euismod scelerisque quam turpis adipiscing lorem vitae mattis');
insert into book_review (book_id, user_id, time, text) values (20, 24, '03-09-2004', 'vivamus vestibulum sagittis sapien cum sociis natoque penatibus et magnis dis parturient montes nascetur ridiculus mus etiam vel');
insert into book_review (book_id, user_id, time, text) values (21, 2, '23-02-2009', 'accumsan tortor quis turpis sed ante vivamus tortor duis mattis egestas metus');
insert into book_review (book_id, user_id, time, text) values (22, 5, '13-07-2017', 'ultricies eu nibh quisque id justo sit amet sapien dignissim vestibulum vestibulum ante ipsum primis in faucibus orci luctus et');
insert into book_review (book_id, user_id, time, text) values (23, 4, '13-08-2017', 'parturient montes nascetur ridiculus mus etiam vel augue vestibulum rutrum rutrum');
insert into book_review (book_id, user_id, time, text) values (24, 14, '27-02-2017', 'nascetur ridiculus mus vivamus vestibulum sagittis sapien cum sociis natoque penatibus et magnis dis');
insert into book_review (book_id, user_id, time, text) values (25, 28, '29-08-2022', 'vel pede morbi porttitor lorem id ligula suspendisse ornare consequat lectus in est risus auctor sed tristique');
insert into book_review (book_id, user_id, time, text) values (26, 9, '05-02-2000', 'luctus cum sociis natoque penatibus et magnis dis parturient montes');
insert into book_review (book_id, user_id, time, text) values (27, 7, '29-11-2016', 'sem mauris laoreet ut rhoncus aliquet pulvinar sed nisl nunc rhoncus dui vel');
insert into book_review (book_id, user_id, time, text) values (28, 14, '30-12-2002', 'proin interdum mauris non ligula pellentesque ultrices phasellus id sapien in sapien iaculis congue vivamus metus arcu adipiscing molestie');
insert into book_review (book_id, user_id, time, text) values (29, 13, '29-10-2010', 'diam cras pellentesque volutpat dui maecenas tristique est et tempus semper');
insert into book_review (book_id, user_id, time, text) values (30, 7, '17-10-2006', 'ridiculus mus vivamus vestibulum sagittis sapien cum sociis natoque penatibus et magnis dis parturient montes');
insert into book_review (book_id, user_id, time, text) values (31, 15, '22-12-2011', 'platea dictumst morbi vestibulum velit id pretium iaculis diam erat fermentum justo nec condimentum neque sapien placerat ante nulla justo');
insert into book_review (book_id, user_id, time, text) values (32, 16, '01-07-2000', 'quam suspendisse potenti nullam porttitor lacus at turpis donec posuere metus vitae ipsum aliquam non mauris morbi non lectus');
insert into book_review (book_id, user_id, time, text) values (33, 12, '21-06-2004', 'lacus morbi sem mauris laoreet ut rhoncus aliquet pulvinar sed nisl nunc rhoncus dui');
insert into book_review (book_id, user_id, time, text) values (34, 30, '07-10-2016', 'accumsan tellus nisi eu orci mauris lacinia sapien quis libero');
insert into book_review (book_id, user_id, time, text) values (35, 23, '17-03-2010', 'phasellus id sapien in sapien iaculis congue vivamus metus arcu adipiscing molestie hendrerit at vulputate vitae nisl aenean lectus');
insert into book_review (book_id, user_id, time, text) values (36, 20, '21-12-2013', 'rutrum rutrum neque aenean auctor gravida sem praesent id massa id nisl venenatis lacinia aenean sit amet justo morbi');
insert into book_review (book_id, user_id, time, text) values (37, 30, '02-09-2001', 'justo lacinia eget tincidunt eget tempus vel pede morbi porttitor lorem id ligula suspendisse');
insert into book_review (book_id, user_id, time, text) values (38, 29, '27-07-2021', 'praesent id massa id nisl venenatis lacinia aenean sit amet justo morbi ut odio cras mi pede malesuada in');
insert into book_review (book_id, user_id, time, text) values (39, 11, '26-12-2011', 'vulputate elementum nullam varius nulla facilisi cras non velit nec nisi vulputate');
insert into book_review (book_id, user_id, time, text) values (40, 2, '26-02-2010', 'in consequat ut nulla sed accumsan felis ut at dolor');
insert into book_review (book_id, user_id, time, text) values (41, 15, '06-07-2012', 'hac habitasse platea dictumst morbi vestibulum velit id pretium iaculis diam erat fermentum justo nec condimentum neque sapien placerat ante');
insert into book_review (book_id, user_id, time, text) values (42, 10, '04-10-2003', 'nulla ut erat id mauris vulputate elementum nullam varius nulla facilisi cras non velit nec nisi vulputate nonummy');
insert into book_review (book_id, user_id, time, text) values (43, 15, '18-10-2019', 'massa id lobortis convallis tortor risus dapibus augue vel accumsan tellus nisi eu orci mauris lacinia sapien quis');
insert into book_review (book_id, user_id, time, text) values (44, 19, '21-12-2019', 'ut ultrices vel augue vestibulum ante ipsum primis in faucibus orci luctus et ultrices posuere cubilia curae donec');
insert into book_review (book_id, user_id, time, text) values (45, 21, '03-11-2020', 'faucibus orci luctus et ultrices posuere cubilia curae mauris viverra diam');
insert into book_review (book_id, user_id, time, text) values (46, 13, '05-08-2023', 'donec vitae nisi nam ultrices libero non mattis pulvinar nulla pede ullamcorper');
insert into book_review (book_id, user_id, time, text) values (47, 7, '29-10-2004', 'lorem vitae mattis nibh ligula nec sem duis aliquam convallis nunc proin at turpis a');
insert into book_review (book_id, user_id, time, text) values (48, 12, '05-01-2007', 'proin interdum mauris non ligula pellentesque ultrices phasellus id sapien in');
insert into book_review (book_id, user_id, time, text) values (49, 10, '28-05-2015', 'pulvinar nulla pede ullamcorper augue a suscipit nulla elit ac nulla sed vel enim sit amet nunc');
insert into book_review (book_id, user_id, time, text) values (50, 17, '06-11-2007', 'iaculis justo in hac habitasse platea dictumst etiam faucibus cursus urna ut tellus nulla ut erat id mauris');
insert into book_review (book_id, user_id, time, text) values (51, 27, '10-01-2001', 'nonummy maecenas tincidunt lacus at velit vivamus vel nulla eget eros elementum pellentesque quisque porta volutpat erat quisque erat');
insert into book_review (book_id, user_id, time, text) values (52, 6, '06-11-2003', 'lectus suspendisse potenti in eleifend quam a odio in hac');
insert into book_review (book_id, user_id, time, text) values (53, 12, '30-08-2000', 'porttitor id consequat in consequat ut nulla sed accumsan felis ut at dolor quis odio consequat varius integer');
insert into book_review (book_id, user_id, time, text) values (54, 0, '15-03-2013', 'interdum in ante vestibulum ante ipsum primis in faucibus orci luctus et ultrices posuere cubilia');
insert into book_review (book_id, user_id, time, text) values (55, 16, '14-02-2014', 'lacus morbi sem mauris laoreet ut rhoncus aliquet pulvinar sed nisl nunc rhoncus dui vel sem sed sagittis nam congue');
insert into book_review (book_id, user_id, time, text) values (56, 4, '24-03-2008', 'mi integer ac neque duis bibendum morbi non quam nec dui luctus rutrum nulla tellus in sagittis dui vel');
insert into book_review (book_id, user_id, time, text) values (57, 13, '18-06-2017', 'hac habitasse platea dictumst etiam faucibus cursus urna ut tellus nulla ut erat id mauris vulputate elementum');
insert into book_review (book_id, user_id, time, text) values (58, 7, '24-01-2022', 'sociis natoque penatibus et magnis dis parturient montes nascetur ridiculus mus');
insert into book_review (book_id, user_id, time, text) values (59, 19, '07-09-2015', 'dui proin leo odio porttitor id consequat in consequat ut nulla sed accumsan felis ut at dolor quis odio consequat');
insert into book_review (book_id, user_id, time, text) values (60, 2, '19-10-2008', 'nonummy maecenas tincidunt lacus at velit vivamus vel nulla eget eros elementum pellentesque quisque porta volutpat erat quisque erat eros');
insert into book_review (book_id, user_id, time, text) values (61, 26, '07-01-2018', 'odio justo sollicitudin ut suscipit a feugiat et eros vestibulum ac est lacinia nisi venenatis');
insert into book_review (book_id, user_id, time, text) values (62, 19, '22-10-2022', 'sit amet cursus id turpis integer aliquet massa id lobortis');
insert into book_review (book_id, user_id, time, text) values (63, 7, '17-04-2007', 'suscipit ligula in lacus curabitur at ipsum ac tellus semper interdum mauris ullamcorper purus sit amet nulla');
insert into book_review (book_id, user_id, time, text) values (64, 11, '28-03-2019', 'donec ut mauris eget massa tempor convallis nulla neque libero convallis eget eleifend luctus ultricies eu');
insert into book_review (book_id, user_id, time, text) values (65, 13, '23-06-2017', 'augue a suscipit nulla elit ac nulla sed vel enim sit amet nunc');



insert into book_review_like (review_id, user_id, time, value) values (1, 22, '23-02-2010', 1);
insert into book_review_like (review_id, user_id, time, value) values (2, 5, '04-08-2008', 1);
insert into book_review_like (review_id, user_id, time, value) values (3, 30, '06-01-2007', -1);
insert into book_review_like (review_id, user_id, time, value) values (4, 21, '29-04-2008', -1);
insert into book_review_like (review_id, user_id, time, value) values (5, 11, '09-10-2009', 0);
insert into book_review_like (review_id, user_id, time, value) values (6, 10, '12-05-2022', -1);
insert into book_review_like (review_id, user_id, time, value) values (7, 13, '18-06-2006', -2);
insert into book_review_like (review_id, user_id, time, value) values (8, 5, '06-06-2012', -1);
insert into book_review_like (review_id, user_id, time, value) values (9, 21, '24-12-2001', 0);
insert into book_review_like (review_id, user_id, time, value) values (10, 23, '03-05-2022', 1);
insert into book_review_like (review_id, user_id, time, value) values (11, 24, '09-12-2000', -1);
insert into book_review_like (review_id, user_id, time, value) values (12, 21, '22-05-2013', 0);
insert into book_review_like (review_id, user_id, time, value) values (13, 1, '24-01-2021', 0);
insert into book_review_like (review_id, user_id, time, value) values (14, 24, '16-02-2023', 1);
insert into book_review_like (review_id, user_id, time, value) values (15, 1, '03-01-2014', 0);
insert into book_review_like (review_id, user_id, time, value) values (16, 17, '04-02-2004', 2);
insert into book_review_like (review_id, user_id, time, value) values (17, 19, '24-05-2023', 0);
insert into book_review_like (review_id, user_id, time, value) values (18, 26, '15-11-2011', -1);
insert into book_review_like (review_id, user_id, time, value) values (19, 17, '06-03-2005', 2);
insert into book_review_like (review_id, user_id, time, value) values (20, 21, '17-08-2007', -1);
insert into book_review_like (review_id, user_id, time, value) values (21, 29, '09-07-2021', 1);
insert into book_review_like (review_id, user_id, time, value) values (22, 14, '14-06-2011', 0);
insert into book_review_like (review_id, user_id, time, value) values (23, 6, '18-09-2001', 1);
insert into book_review_like (review_id, user_id, time, value) values (24, 24, '20-12-2015', 2);
insert into book_review_like (review_id, user_id, time, value) values (25, 24, '23-05-2006', 1);
insert into book_review_like (review_id, user_id, time, value) values (26, 29, '31-08-2003', -1);
insert into book_review_like (review_id, user_id, time, value) values (27, 7, '14-07-2023', -2);
insert into book_review_like (review_id, user_id, time, value) values (28, 22, '10-11-2002', 0);
insert into book_review_like (review_id, user_id, time, value) values (29, 12, '14-02-2000', 1);
insert into book_review_like (review_id, user_id, time, value) values (30, 6, '07-08-2016', 2);
insert into book_review_like (review_id, user_id, time, value) values (31, 27, '03-04-2004', 1);
insert into book_review_like (review_id, user_id, time, value) values (32, 24, '18-02-2016', 2);
insert into book_review_like (review_id, user_id, time, value) values (33, 27, '01-07-2014', 0);
insert into book_review_like (review_id, user_id, time, value) values (34, 3, '31-08-2016', -1);
insert into book_review_like (review_id, user_id, time, value) values (35, 29, '11-03-2003', 2);
insert into book_review_like (review_id, user_id, time, value) values (36, 20, '14-06-2022', 1);
insert into book_review_like (review_id, user_id, time, value) values (37, 25, '17-09-2006', 2);
insert into book_review_like (review_id, user_id, time, value) values (38, 21, '19-05-2022', -2);
insert into book_review_like (review_id, user_id, time, value) values (39, 10, '19-03-2009', 2);
insert into book_review_like (review_id, user_id, time, value) values (40, 6, '08-06-2005', -2);
insert into book_review_like (review_id, user_id, time, value) values (41, 4, '31-07-2002', -1);
insert into book_review_like (review_id, user_id, time, value) values (42, 29, '11-06-2013', 1);
insert into book_review_like (review_id, user_id, time, value) values (43, 28, '02-05-2015', -2);
insert into book_review_like (review_id, user_id, time, value) values (44, 5, '07-06-2011', -2);
insert into book_review_like (review_id, user_id, time, value) values (45, 26, '04-08-2019', -2);
insert into book_review_like (review_id, user_id, time, value) values (46, 5, '04-09-2002', -1);
insert into book_review_like (review_id, user_id, time, value) values (47, 10, '27-07-2016', 0);
insert into book_review_like (review_id, user_id, time, value) values (48, 23, '29-03-2016', -2);
insert into book_review_like (review_id, user_id, time, value) values (49, 9, '04-03-2020', -2);
insert into book_review_like (review_id, user_id, time, value) values (50, 28, '24-02-2010', 0);
insert into book_review_like (review_id, user_id, time, value) values (51, 18, '12-07-2000', 1);
insert into book_review_like (review_id, user_id, time, value) values (52, 26, '15-03-2009', 0);
insert into book_review_like (review_id, user_id, time, value) values (53, 8, '04-04-2013', 2);
insert into book_review_like (review_id, user_id, time, value) values (54, 19, '05-10-2010', 1);
insert into book_review_like (review_id, user_id, time, value) values (55, 18, '20-05-2022', 0);
insert into book_review_like (review_id, user_id, time, value) values (56, 21, '24-11-2015', 2);
insert into book_review_like (review_id, user_id, time, value) values (57, 1, '11-03-2021', 2);
insert into book_review_like (review_id, user_id, time, value) values (58, 20, '23-03-2022', -1);
insert into book_review_like (review_id, user_id, time, value) values (59, 0, '29-03-2003', 1);
insert into book_review_like (review_id, user_id, time, value) values (60, 28, '26-12-2012', 2);
insert into book_review_like (review_id, user_id, time, value) values (61, 9, '26-10-2007', -2);
insert into book_review_like (review_id, user_id, time, value) values (62, 3, '11-08-2018', -2);
insert into book_review_like (review_id, user_id, time, value) values (63, 4, '25-05-2004', 0);
insert into book_review_like (review_id, user_id, time, value) values (64, 26, '01-02-2023', -1);
insert into book_review_like (review_id, user_id, time, value) values (65, 27, '15-07-2004', -2);


insert into genre (slug, name) values ('slug', 'Comedy');
insert into genre (slug, name) values ('slug', 'Drama');
insert into genre (slug, name) values ('slug', 'Mystery');
insert into genre (slug, name) values ('slug', 'Horror');
insert into genre (slug, name) values ('slug', 'Romance');
insert into genre (slug, name) values ('slug', 'Action');
insert into genre (slug, name) values ('slug', 'Adventure');
insert into genre (slug, name) values ('slug', 'War');

insert into genre (id,parent_id,slug, name) values (9,1,'slug', 'Sub-Comedy');



insert into genre (id,parent_id,slug, name) values (14,9,'slug', 'Sub-Sub-Comedy');



insert into genre (id,parent_id,slug, name) values (17,14,'slug', 'Sub-Sub-Sub-Comedy');




insert into book2genre (book_id, genre_id) values (1, 6);
insert into book2genre (book_id, genre_id) values (2, 4);
insert into book2genre (book_id, genre_id) values (3, 7);
insert into book2genre (book_id, genre_id) values (4, 6);
insert into book2genre (book_id, genre_id) values (5, 6);
insert into book2genre (book_id, genre_id) values (6, 1);
insert into book2genre (book_id, genre_id) values (7, 8);
insert into book2genre (book_id, genre_id) values (8, 8);
insert into book2genre (book_id, genre_id) values (9, 7);
insert into book2genre (book_id, genre_id) values (10, 1);
insert into book2genre (book_id, genre_id) values (11, 4);
insert into book2genre (book_id, genre_id) values (12, 4);
insert into book2genre (book_id, genre_id) values (13, 2);
insert into book2genre (book_id, genre_id) values (14, 7);
insert into book2genre (book_id, genre_id) values (15, 5);
insert into book2genre (book_id, genre_id) values (16, 5);
insert into book2genre (book_id, genre_id) values (17, 4);
insert into book2genre (book_id, genre_id) values (18, 3);
insert into book2genre (book_id, genre_id) values (19, 6);
insert into book2genre (book_id, genre_id) values (20, 8);
insert into book2genre (book_id, genre_id) values (21, 4);
insert into book2genre (book_id, genre_id) values (22, 1);
insert into book2genre (book_id, genre_id) values (23, 3);
insert into book2genre (book_id, genre_id) values (24, 3);
insert into book2genre (book_id, genre_id) values (25, 5);
insert into book2genre (book_id, genre_id) values (26, 7);
insert into book2genre (book_id, genre_id) values (27, 7);
insert into book2genre (book_id, genre_id) values (28, 3);
insert into book2genre (book_id, genre_id) values (29, 8);
insert into book2genre (book_id, genre_id) values (30, 2);
insert into book2genre (book_id, genre_id) values (31, 3);
insert into book2genre (book_id, genre_id) values (32, 4);
insert into book2genre (book_id, genre_id) values (33, 2);
insert into book2genre (book_id, genre_id) values (34, 8);
insert into book2genre (book_id, genre_id) values (35, 5);
insert into book2genre (book_id, genre_id) values (36, 4);
insert into book2genre (book_id, genre_id) values (37, 3);
insert into book2genre (book_id, genre_id) values (38, 8);
insert into book2genre (book_id, genre_id) values (39, 5);
insert into book2genre (book_id, genre_id) values (40, 7);
insert into book2genre (book_id, genre_id) values (41, 2);
insert into book2genre (book_id, genre_id) values (42, 4);
insert into book2genre (book_id, genre_id) values (43, 8);
insert into book2genre (book_id, genre_id) values (44, 7);
insert into book2genre (book_id, genre_id) values (45, 3);
insert into book2genre (book_id, genre_id) values (46, 6);
insert into book2genre (book_id, genre_id) values (47, 6);
insert into book2genre (book_id, genre_id) values (48, 5);
insert into book2genre (book_id, genre_id) values (49, 2);
insert into book2genre (book_id, genre_id) values (50, 3);
insert into book2genre (book_id, genre_id) values (51, 5);
insert into book2genre (book_id, genre_id) values (52, 4);
insert into book2genre (book_id, genre_id) values (53, 1);
insert into book2genre (book_id, genre_id) values (54, 1);
insert into book2genre (book_id, genre_id) values (55, 8);
insert into book2genre (book_id, genre_id) values (56, 6);
insert into book2genre (book_id, genre_id) values (57, 3);
insert into book2genre (book_id, genre_id) values (58, 1);
insert into book2genre (book_id, genre_id) values (59, 4);
insert into book2genre (book_id, genre_id) values (60, 6);
insert into book2genre (book_id, genre_id) values (61, 7);
insert into book2genre (book_id, genre_id) values (62, 4);
insert into book2genre (book_id, genre_id) values (63, 6);
insert into book2genre (book_id, genre_id) values (64, 3);
insert into book2genre (book_id, genre_id) values (65, 3);


insert into users (hash, reg_time, balance, name) values ('$2a$04$yMmxBXBN5YpDULvjkHp02O8r7CTE/5lZsL/XLy4R4YchlVY688TSq', '14-09-2002', 78552, 'Alvis Pruce');
insert into users (hash, reg_time, balance, name) values ('$2a$04$AiwXSTPx1QdclO3XWWEXz.A4DbF82U5bK9efqKDcLDoekxyKuQD8y', '11-05-2022', 83886, 'Colleen Carrabott');
insert into users (hash, reg_time, balance, name) values ('$2a$04$6g9i8dlmsOJ9L6lgGwPtbOoOK7N/LqNfXM8iHOgcnHNBysw.zjQSu', '01-01-2014', 27990, 'Hyacintha Offord');
insert into users (hash, reg_time, balance, name) values ('$2a$04$So22rYj4Z857RhZkx79DLODMwxVPk1u4zMwf1B0RsGJhagq91C8SC', '14-12-2001', 89881, 'Abigail Pea');
insert into users (hash, reg_time, balance, name) values ('$2a$04$lu//rP.Czn/OKMMFnBXVFOSpBmVbd/dm9O4GSyJ3qUDQUCpC.aqBC', '27-08-2014', 62254, 'Oates Ricard');
insert into users (hash, reg_time, balance, name) values ('$2a$04$fzEmeWNNA0DcCnPYcbHmJe2.VeWJBIAvvHFj7.yCdH4TV/TZonXeW', '23-09-2007', 6856, 'Lauralee Metcalf');
insert into users (hash, reg_time, balance, name) values ('$2a$04$.4Q0EpYmGFW6WlX9Tsx2se6IQyIEdcnrdhoDc.Sx4fRKfwXuakrw.', '11-01-2001', 58093, 'Correy Noe');
insert into users (hash, reg_time, balance, name) values ('$2a$04$0myjQ57VvLDVPsdEkU67IurOxl3xP067BIW15RgH8LYFrkzOQVAqu', '17-02-2023', 77970, 'Ilysa Ugo');
insert into users (hash, reg_time, balance, name) values ('$2a$04$0tU7d01iQNirgtfHS/vRh..8i5Te/IqhaHCuDp1Pp82SSas0x9hRq', '24-11-2015', 65339, 'Martha Edmondson');
insert into users (hash, reg_time, balance, name) values ('$2a$04$blfM.xPqCw7RvzGi8QqbE.jIdOQIwBVM6Rm0F38/Tv0fjuEYMPz2y', '16-02-2007', 5106, 'Sandro Begent');
insert into users (hash, reg_time, balance, name) values ('$2a$04$Mj60MDQeBGmfRJGjL5XQR.A.aiDDEd7GtiDk5sDePE25vLm7SGZqC', '11-01-2006', 52748, 'Elwira Maith');
insert into users (hash, reg_time, balance, name) values ('$2a$04$p5VgMJXW6lV7ZJEuEFnswOB1aAZFnx4oM47Kul6F2h0JOWaPvZzuy', '26-08-2010', 92973, 'Agnes Asplen');
insert into users (hash, reg_time, balance, name) values ('$2a$04$0rBPC2qq3Rc6qwhBTMOnhO3hGy9zsSi8JFELq9yDmW70IiyQUlh2i', '17-08-2014', 31479, 'Mile Worsnop');
insert into users (hash, reg_time, balance, name) values ('$2a$04$ubc1GOwFQ9vz.lUSTN0f7ulE61SKgHjxmViWh2l6Zg2rIlKHxKDn.', '29-08-2020', 3977, 'Wainwright Kipling');
insert into users (hash, reg_time, balance, name) values ('$2a$04$ACD6bSXpLvIDLfH.vSkfcuGpNCfggutJnu90uxrhi0QdPyOKIy9FG', '24-08-2015', 26255, 'Quinton Janus');
insert into users (hash, reg_time, balance, name) values ('$2a$04$pCI6sHkvKT57omhTpwt3j.hWH69eELJgQ4Jj7pHE/RXaxvP4N8pU.', '28-10-2004', 42718, 'Chiarra Durbin');
insert into users (hash, reg_time, balance, name) values ('$2a$04$0EKCLZmC.4t9P1C3v7lqGOGwj7xuiPkW3.hxsR8bEP2oFmUNKlGXO', '10-10-2006', 96501, 'Blinni Holsall');
insert into users (hash, reg_time, balance, name) values ('$2a$04$o3XaKnstZlG4jxgbr220Kerb.WW08OWWpu7zxjKB3YAoS7hOrgmLq', '28-08-2018', 94954, 'Andee Demer');
insert into users (hash, reg_time, balance, name) values ('$2a$04$SrhtiP2kHsU6ccbV0QuBWutaq3S4VE/GEr2OTY7jUtH/uEy.4fS.O', '15-02-2012', 92059, 'Orton Copo');
insert into users (hash, reg_time, balance, name) values ('$2a$04$/bmQDTvhjAaMjJjqmwthxe.eg1W3d5Zhdm0aen7qu92K1gkNVM3sK', '17-10-2022', 71972, 'Clark Dangl');
insert into users (hash, reg_time, balance, name) values ('$2a$04$xBBtoXtETzv29r9dHJ.EXe25jzu4Xnese7JDtSAKV5mmgn6dBOXWC', '25-02-2015', 14598, 'Teriann Kenn');
insert into users (hash, reg_time, balance, name) values ('$2a$04$DVay.bC4dVLpZOHDBdVKSeqlxQDmLzFZZh/UexXCS6J8QM1aRv2J2', '22-05-2015', 63249, 'Bryana Hethron');
insert into users (hash, reg_time, balance, name) values ('$2a$04$w1OZFZlUYl29QJqisEN0gut3s/2.sJXbQATbezmZ93msb88SVaRGq', '13-06-2018', 2280, 'Celestyna Baumber');
insert into users (hash, reg_time, balance, name) values ('$2a$04$d40IeFU/qYcsTZJMzCbJBORs58EVtSa4HUtfjGBYkhZwNQ9aMH7Sm', '14-11-2011', 5650, 'Garwood Treble');
insert into users (hash, reg_time, balance, name) values ('$2a$04$8EW2d4mwUVszHcCz.1uhUuA2EjoZNBj6HLkTVlZHMJJLpUR7G7FBC', '29-06-2020', 88416, 'Kaleena Eathorne');
insert into users (hash, reg_time, balance, name) values ('$2a$04$Bj8fWBqfw./AhDzOgLrdouTTWCFHcft0rooz2SMv23g0H5MrKg7FC', '10-07-2001', 17594, 'Gavan Frankton');
insert into users (hash, reg_time, balance, name) values ('$2a$04$FHbegXMJ7cJ.Ltdj/HUhYOxWpg9Ed/9DJrQudT5mQB9xHiJr1iyuy', '02-08-2010', 70259, 'Vern Jenkyn');
insert into users (hash, reg_time, balance, name) values ('$2a$04$/CSVRt9RxJW2WxWd8/.SEOchuSbklBHFwQP/2JicfOpi8K30kpodG', '16-12-2019', 5467, 'Shanan Hiddy');
insert into users (hash, reg_time, balance, name) values ('$2a$04$dwz791F4mA5JJVUVnEx9ne.XDtZYDlBAhwErSQ6WINZw.Lz34sBFS', '23-09-2013', 82363, 'Abey Lartice');
insert into users (hash, reg_time, balance, name) values ('$2a$04$aL7LHwCDIKbyfpDFCmkxj.zvC54Dic.p2Jf00er6o7.XjUb7ieAC6', '15-03-2017', 62712, 'Marcellina Wilcott');


insert into user_contact (user_id, type, approved, code, code_trails, code_time, contact) values (1, 0, 0, '76237-222', 1, '18-04-2016', '698-171-5311');
insert into user_contact (user_id, type, approved, code, code_trails, code_time, contact) values (2, 0, 1, '62742-4046', 0, '13-01-2015', '942-641-6592');
insert into user_contact (user_id, type, approved, code, code_trails, code_time, contact) values (3, 1, 1, '55154-4727', 5, '12-04-2010', '492-804-7081');
insert into user_contact (user_id, type, approved, code, code_trails, code_time, contact) values (4, 0, 0, '63629-3327', 4, '18-06-2006', '387-892-3066');
insert into user_contact (user_id, type, approved, code, code_trails, code_time, contact) values (5, 0, 0, '64220-425', 3, '16-05-2022', '931-525-3323');
insert into user_contact (user_id, type, approved, code, code_trails, code_time, contact) values (6, 0, 0, '10424-156', 1, '01-06-2004', '876-579-8452');
insert into user_contact (user_id, type, approved, code, code_trails, code_time, contact) values (7, 0, 1, '37000-287', 1, '19-05-2004', '561-224-3815');
insert into user_contact (user_id, type, approved, code, code_trails, code_time, contact) values (8, 0, 0, '12546-101', 2, '31-07-2002', '122-135-5269');
insert into user_contact (user_id, type, approved, code, code_trails, code_time, contact) values (9, 1, 0, '0185-0550', 4, '07-06-2020', '952-606-3434');
insert into user_contact (user_id, type, approved, code, code_trails, code_time, contact) values (10, 0, 1, '50804-686', 5, '08-02-2009', '820-800-1490');
insert into user_contact (user_id, type, approved, code, code_trails, code_time, contact) values (11, 1, 1, '49349-933', 2, '13-02-2023', '413-975-3506');
insert into user_contact (user_id, type, approved, code, code_trails, code_time, contact) values (12, 1, 1, '63629-5415', 2, '09-10-2008', '652-628-9803');
insert into user_contact (user_id, type, approved, code, code_trails, code_time, contact) values (13, 0, 1, '49349-872', 3, '20-08-2000', '101-786-8317');
insert into user_contact (user_id, type, approved, code, code_trails, code_time, contact) values (14, 0, 0, '27437-108', 2, '22-11-2007', '363-875-6122');
insert into user_contact (user_id, type, approved, code, code_trails, code_time, contact) values (15, 1, 1, '10812-042', 2, '11-12-2020', '248-169-6162');
insert into user_contact (user_id, type, approved, code, code_trails, code_time, contact) values (16, 0, 0, '16590-286', 1, '14-03-2001', '646-770-4362');
insert into user_contact (user_id, type, approved, code, code_trails, code_time, contact) values (17, 1, 1, '30142-664', 1, '17-12-2015', '541-385-9694');
insert into user_contact (user_id, type, approved, code, code_trails, code_time, contact) values (18, 1, 0, '33992-1131', 1, '18-02-2012', '818-896-8606');
insert into user_contact (user_id, type, approved, code, code_trails, code_time, contact) values (19, 1, 0, '11673-612', 5, '24-08-2003', '620-193-3856');
insert into user_contact (user_id, type, approved, code, code_trails, code_time, contact) values (20, 0, 1, '59779-148', 2, '29-09-2010', '818-472-6396');
insert into user_contact (user_id, type, approved, code, code_trails, code_time, contact) values (21, 1, 1, '60533-009', 4, '19-03-2006', '421-610-5552');
insert into user_contact (user_id, type, approved, code, code_trails, code_time, contact) values (22, 1, 0, '55910-217', 1, '06-07-2017', '771-693-9382');
insert into user_contact (user_id, type, approved, code, code_trails, code_time, contact) values (23, 1, 0, '11410-923', 4, '13-12-2006', '612-260-5607');
insert into user_contact (user_id, type, approved, code, code_trails, code_time, contact) values (24, 0, 1, '63323-340', 3, '22-11-2005', '856-309-2129');
insert into user_contact (user_id, type, approved, code, code_trails, code_time, contact) values (25, 1, 1, '0113-0742', 1, '27-07-2009', '706-737-9702');
insert into user_contact (user_id, type, approved, code, code_trails, code_time, contact) values (26, 0, 0, '49035-734', 0, '09-10-2007', '428-129-3188');
insert into user_contact (user_id, type, approved, code, code_trails, code_time, contact) values (27, 1, 1, '52125-958', 4, '03-05-2021', '626-768-1325');
insert into user_contact (user_id, type, approved, code, code_trails, code_time, contact) values (28, 1, 1, '68016-206', 5, '30-01-2018', '234-269-6210');
insert into user_contact (user_id, type, approved, code, code_trails, code_time, contact) values (29, 1, 1, '0472-1628', 4, '31-12-2000', '934-156-5532');
insert into user_contact (user_id, type, approved, code, code_trails, code_time, contact) values (30, 0, 1, '75944-200', 4, '08-05-2001', '415-819-6415');

insert into balance_transaction (time, user_id, value, book_id, description) values ('24-03-2015', 1, -94, 14, 'ante ipsum primis');
insert into balance_transaction (time, user_id, value, book_id, description) values ('04-01-2013', 2, -972, 9, 'massa volutpat convallis');
insert into balance_transaction (time, user_id, value, book_id, description) values ('08-05-2002', 3, -956, 52, 'aliquam lacus morbi');
insert into balance_transaction (time, user_id, value, book_id, description) values ('01-11-2001', 4, 773, 34, 'varius nulla facilisi');
insert into balance_transaction (time, user_id, value, book_id, description) values ('09-04-2002', 5, 7, 21, 'pellentesque at nulla');
insert into balance_transaction (time, user_id, value, book_id, description) values ('30-12-2020', 6, 594, 6, 'posuere cubilia curae');
insert into balance_transaction (time, user_id, value, book_id, description) values ('14-07-2002', 7, -491, 11, 'pellentesque quisque porta');
insert into balance_transaction (time, user_id, value, book_id, description) values ('05-01-2011', 8, -163, 1, 'rhoncus mauris enim');
insert into balance_transaction (time, user_id, value, book_id, description) values ('02-02-2020', 9, 722, 24, 'et eros vestibulum');
insert into balance_transaction (time, user_id, value, book_id, description) values ('20-06-2013', 10, 2, 46, 'in faucibus orci');


insert into book2user_type (name, code, id) values ('В корзине', 'CART', 1);
insert into book2user_type (name, code, id) values ('Куплена', 'PAID', 2);
insert into book2user_type (name, code, id) values ('Отложена', 'KEPT', 3);
insert into book2user_type (name, code, id) values ('В архиве', 'ARCHIVED', 4);



update book2user_type set name='Отложена' where code='KEPT';
update book2user_type set name='В корзине' where code='CART';
update book2user_type set name='Куплена' where code='PAID';
update book2user_type set name='В архиве' where code='ARCHIVED';



















